<?xml version="1.0" encoding="UTF-8"?>
<suppressions xmlns="https://jeremylong.github.io/DependencyCheck/dependency-suppression.1.3.xsd">
	<suppress>
	   <notes><![CDATA[
	   file name: jackson-databind-2.10.2.jar
	   ]]></notes>
	   <packageUrl regex="true">^pkg:maven/com\.fasterxml\.jackson\.core/jackson\-databind@.*$</packageUrl>
	   <cve>CVE-2020-25649</cve>
	</suppress>
	<suppress>
	   <notes><![CDATA[
	   file name: spring-tx-5.2.3.RELEASE.jar
	   ]]></notes>
	   <packageUrl regex="true">^pkg:maven/org\.springframework/spring\-tx@.*$</packageUrl>
	   <cve>CVE-2020-5421</cve>
	</suppress>
	<suppress>
	   <notes><![CDATA[
	   file name: tomcat-embed-core-9.0.30.jar
	   ]]></notes>
	   <packageUrl regex="true">^pkg:maven/org\.apache\.tomcat\.embed/tomcat\-embed\-core@.*$</packageUrl>
	   <cve>CVE-2020-13934</cve>
	</suppress>
	<suppress>
	   <notes><![CDATA[
	   file name: tomcat-embed-core-9.0.30.jar
	   ]]></notes>
	   <packageUrl regex="true">^pkg:maven/org\.apache\.tomcat\.embed/tomcat\-embed\-core@.*$</packageUrl>
	   <cve>CVE-2020-13935</cve>
	</suppress>
	<suppress>
	   <notes><![CDATA[
	   file name: tomcat-embed-core-9.0.30.jar
	   ]]></notes>
	   <packageUrl regex="true">^pkg:maven/org\.apache\.tomcat\.embed/tomcat\-embed\-core@.*$</packageUrl>
	   <cve>CVE-2020-17527</cve>
	</suppress>
	<suppress>
	   <notes><![CDATA[
	   file name: tomcat-embed-core-9.0.30.jar
	   ]]></notes>
	   <packageUrl regex="true">^pkg:maven/org\.apache\.tomcat\.embed/tomcat\-embed\-core@.*$</packageUrl>
	   <cve>CVE-2020-1938</cve>
	</suppress>
	<suppress>
	   <notes><![CDATA[
	   file name: tomcat-embed-core-9.0.30.jar
	   ]]></notes>
	   <packageUrl regex="true">^pkg:maven/org\.apache\.tomcat\.embed/tomcat\-embed\-core@.*$</packageUrl>
	   <cve>CVE-2021-24122</cve>
	</suppress>
	<suppress>
   <notes><![CDATA[
	   file name: tomcat-embed-core-9.0.30.jar
	   ]]></notes>
	   <packageUrl regex="true">^pkg:maven/org\.apache\.tomcat\.embed/tomcat\-embed\-core@.*$</packageUrl>
	   <cve>CVE-2020-11996</cve>
	</suppress>
	<suppress>
	   <notes><![CDATA[
	   file name: bcprov-jdk15on-1.46.jar
	   ]]></notes>
	   <packageUrl regex="true">^pkg:maven/org\.bouncycastle/bcprov\-jdk15on@.*$</packageUrl>
	   <cve>CVE-2016-1000342</cve>
	</suppress>
	<suppress>
	   <notes><![CDATA[
	   file name: bcprov-jdk15on-1.46.jar
	   ]]></notes>
	   <packageUrl regex="true">^pkg:maven/org\.bouncycastle/bcprov\-jdk15on@.*$</packageUrl>
	   <cve>CVE-2016-1000338</cve>
	</suppress>
	<suppress>
	   <notes><![CDATA[
	   file name: bcprov-jdk15on-1.46.jar
	   ]]></notes>
	   <packageUrl regex="true">^pkg:maven/org\.bouncycastle/bcprov\-jdk15on@.*$</packageUrl>
	   <cve>CVE-2016-1000346</cve>
	</suppress>
	<suppress>
	   <notes><![CDATA[
	   file name: bcprov-jdk15on-1.46.jar
	   ]]></notes>
	   <packageUrl regex="true">^pkg:maven/org\.bouncycastle/bcprov\-jdk15on@.*$</packageUrl>
	   <cve>CVE-2016-1000345</cve>
	</suppress>	
	<suppress>
	   <notes><![CDATA[
	   file name: bcprov-jdk15on-1.46.jar
	   ]]></notes>
	   <packageUrl regex="true">^pkg:maven/org\.bouncycastle/bcprov\-jdk15on@.*$</packageUrl>
	   <cve>CVE-2016-1000341</cve>
	</suppress>	
	<suppress>
	   <notes><![CDATA[
	   file name: bcprov-jdk15on-1.46.jar
	   ]]></notes>
	   <packageUrl regex="true">^pkg:maven/org\.bouncycastle/bcprov\-jdk15on@.*$</packageUrl>
	   <cve>CVE-2016-1000339</cve>
	</suppress>
		<suppress>
	   <notes><![CDATA[
	   file name: bcprov-jdk15on-1.46.jar
	   ]]></notes>
	   <packageUrl regex="true">^pkg:maven/org\.bouncycastle/bcprov\-jdk15on@.*$</packageUrl>
	   <vulnerabilityName>CVE-2015-6644</vulnerabilityName>
	</suppress>
	<suppress>
	   <notes><![CDATA[
	   file name: bcprov-jdk15on-1.46.jar
	   ]]></notes>
	   <packageUrl regex="true">^pkg:maven/org\.bouncycastle/bcprov\-jdk15on@.*$</packageUrl>
	   <cve>CVE-2013-1624</cve>
	</suppress>
	<suppress>
	   <notes><![CDATA[
	   file name: bcprov-jdk15on-1.46.jar
	   ]]></notes>
	   <packageUrl regex="true">^pkg:maven/org\.bouncycastle/bcprov\-jdk15on@.*$</packageUrl>
	   <vulnerabilityName>CVE-2015-7940</vulnerabilityName>
	</suppress>
   <suppress>
      <notes><![CDATA[
      file name: bcprov-jdk15on-1.46.jar
      ]]></notes>
      <packageUrl regex="true">^pkg:maven/org\.bouncycastle/bcprov\-jdk15on@.*$</packageUrl>
      <cve>CVE-2017-13098</cve>
   </suppress>
   <suppress>
	   <notes><![CDATA[
	   file name: bcprov-jdk15on-1.46.jar
	   ]]></notes>
	   <packageUrl regex="true">^pkg:maven/org\.bouncycastle/bcprov\-jdk15on@.*$</packageUrl>
	   <cve>CVE-2018-1000613</cve>
	</suppress>
	<suppress>
	   <notes><![CDATA[
	   file name: snakeyaml-1.25.jar
	   ]]></notes>
	   <packageUrl regex="true">^pkg:maven/org\.yaml/snakeyaml@.*$</packageUrl>
	   <cve>CVE-2017-18640</cve>
	</suppress>
	<suppress>
	   <notes><![CDATA[
	   file name: log4j-api-2.12.1.jar
	   ]]></notes>
	   <packageUrl regex="true">^pkg:maven/org\.apache\.logging\.log4j/log4j\-api@.*$</packageUrl>
	   <cve>CVE-2020-9488</cve>
	</suppress>
	<suppress>
	   <notes><![CDATA[
	   file name: spring-core-5.2.3.RELEASE.jar
	   ]]></notes>
	   <packageUrl regex="true">^pkg:maven/org\.springframework/spring\-core@.*$</packageUrl>
	   <cve>CVE-2020-5421</cve>
	</suppress>		
	<suppress>
	   <notes><![CDATA[
	   file name: tomcat-embed-core-9.0.30.jar
	   ]]></notes>
	   <packageUrl regex="true">^pkg:maven/org\.apache\.tomcat\.embed/tomcat\-embed\-core@.*$</packageUrl>
	   <cve>CVE-2019-17569</cve>
	</suppress>
	<suppress>
	   <notes><![CDATA[
	   file name: tomcat-embed-core-9.0.30.jar
	   ]]></notes>
	   <packageUrl regex="true">^pkg:maven/org\.apache\.tomcat\.embed/tomcat\-embed\-core@.*$</packageUrl>
	   <cve>CVE-2020-13943</cve>
	</suppress>
	<suppress>
	   <notes><![CDATA[
	   file name: tomcat-embed-core-9.0.30.jar
	   ]]></notes>
	   <packageUrl regex="true">^pkg:maven/org\.apache\.tomcat\.embed/tomcat\-embed\-core@.*$</packageUrl>
	   <cve>CVE-2020-1935</cve>
	</suppress>
	<suppress>
	   <notes><![CDATA[
	   file name: tomcat-embed-core-9.0.30.jar
	   ]]></notes>
	   <packageUrl regex="true">^pkg:maven/org\.apache\.tomcat\.embed/tomcat\-embed\-core@.*$</packageUrl>
	   <cve>CVE-2020-9484</cve>
	</suppress>   
	<suppress>
	   <notes><![CDATA[
	   file name: tomcat-embed-websocket-9.0.30.jar
	   ]]></notes>
	   <packageUrl regex="true">^pkg:maven/org\.apache\.tomcat\.embed/tomcat\-embed\-websocket@.*$</packageUrl>
	   <cve>CVE-2019-17569</cve>
	</suppress>	   
	<suppress>
	   <notes><![CDATA[
	   file name: tomcat-embed-websocket-9.0.30.jar
	   ]]></notes>
	   <packageUrl regex="true">^pkg:maven/org\.apache\.tomcat\.embed/tomcat\-embed\-websocket@.*$</packageUrl>
	   <cve>CVE-2020-11996</cve>
	</suppress>
	<suppress>
	   <notes><![CDATA[
	   file name: tomcat-embed-websocket-9.0.30.jar
	   ]]></notes>
	   <packageUrl regex="true">^pkg:maven/org\.apache\.tomcat\.embed/tomcat\-embed\-websocket@.*$</packageUrl>
	   <cve>CVE-2020-13943</cve>
	</suppress>
	<suppress>
	   <notes><![CDATA[
	   file name: tomcat-embed-websocket-9.0.30.jar
	   ]]></notes>
	   <packageUrl regex="true">^pkg:maven/org\.apache\.tomcat\.embed/tomcat\-embed\-websocket@.*$</packageUrl>
	   <cve>CVE-2020-1935</cve>
	</suppress>		
	<suppress>
	   <notes><![CDATA[
	   file name: tomcat-embed-websocket-9.0.30.jar
	   ]]></notes>
	   <packageUrl regex="true">^pkg:maven/org\.apache\.tomcat\.embed/tomcat\-embed\-websocket@.*$</packageUrl>
	   <cve>CVE-2021-24122</cve>
	</suppress>
	<suppress>
	   <notes><![CDATA[
	   file name: log4j-to-slf4j-2.12.1.jar
	   ]]></notes>
	   <packageUrl regex="true">^pkg:maven/org\.apache\.logging\.log4j/log4j\-to\-slf4j@.*$</packageUrl>
	   <cve>CVE-2020-9488</cve>
	</suppress>		
	<suppress>
	   <notes><![CDATA[
	   file name: tomcat-embed-websocket-9.0.30.jar
	   ]]></notes>
	   <packageUrl regex="true">^pkg:maven/org\.apache\.tomcat\.embed/tomcat\-embed\-websocket@.*$</packageUrl>
	   <cve>CVE-2020-13934</cve>
	</suppress>		
	<suppress>
	   <notes><![CDATA[
	   file name: tomcat-embed-websocket-9.0.30.jar
	   ]]></notes>
	   <packageUrl regex="true">^pkg:maven/org\.apache\.tomcat\.embed/tomcat\-embed\-websocket@.*$</packageUrl>
	   <cve>CVE-2020-13935</cve>
	</suppress>	
	<suppress>
	   <notes><![CDATA[
	   file name: tomcat-embed-websocket-9.0.30.jar
	   ]]></notes>
	   <packageUrl regex="true">^pkg:maven/org\.apache\.tomcat\.embed/tomcat\-embed\-websocket@.*$</packageUrl>
	   <cve>CVE-2020-17527</cve>
	</suppress>
	<suppress>
	   <notes><![CDATA[
	   file name: tomcat-embed-websocket-9.0.30.jar
	   ]]></notes>
	   <packageUrl regex="true">^pkg:maven/org\.apache\.tomcat\.embed/tomcat\-embed\-websocket@.*$</packageUrl>
	   <cve>CVE-2020-1938</cve>
	</suppress>
	<suppress>
   <notes><![CDATA[
	   file name: tomcat-embed-websocket-9.0.30.jar
	   ]]></notes>
	   <packageUrl regex="true">^pkg:maven/org\.apache\.tomcat\.embed/tomcat\-embed\-websocket@.*$</packageUrl>
	   <cve>CVE-2020-8022</cve>
	</suppress>
	<suppress>
	   <notes><![CDATA[
	   file name: tomcat-embed-websocket-9.0.30.jar
	   ]]></notes>
	   <packageUrl regex="true">^pkg:maven/org\.apache\.tomcat\.embed/tomcat\-embed\-websocket@.*$</packageUrl>
	   <cve>CVE-2020-9484</cve>
	</suppress>
</suppressions>